invoice_id,quantity,tax_5_percent,total,date,time,payment
750-67-8428,7,26.1415,548.9715,01-05-2019,13:08:00,Ewallet
226-31-3081,5,3.82,80.22,03-08-2019,10:29:00,Cash
631-41-3108,7,16.2155,340.5255,03-03-2019,13:23:00,Credit card
123-19-1176,8,23.288,489.048,1/27/2019,20:33:00,Ewallet
373-73-7910,7,30.2085,634.3785,02-08-2019,10:37:00,Ewallet
699-14-3026,7,29.8865,627.6165,3/25/2019,18:30:00,Ewallet
355-53-5943,6,20.652,433.692,2/25/2019,14:36:00,Ewallet
315-22-5665,10,36.78,772.38,2/24/2019,11:38:00,Ewallet
665-32-9167,2,3.626,76.146,01-10-2019,17:15:00,Credit card
692-92-5582,3,8.226,172.746,2/20/2019,13:27:00,Credit card
351-62-0822,4,2.896,60.816,02-06-2019,18:07:00,Ewallet
529-56-3974,4,5.102,107.142,03-09-2019,17:03:00,Cash
365-64-0515,5,11.7375,246.4875,02-12-2019,10:25:00,Ewallet
252-56-2699,10,21.595,453.495,02-07-2019,16:48:00,Ewallet
829-34-3910,10,35.69,749.49,3/29/2019,19:21:00,Cash
299-46-1805,6,28.116,590.436,1/15/2019,16:19:00,Cash
656-95-9349,7,24.1255,506.6355,03-11-2019,11:03:00,Credit card
765-26-6951,6,21.783,457.443,01-01-2019,10:39:00,Credit card
329-62-1586,3,8.2005,172.2105,1/21/2019,18:00:00,Credit card
319-50-3348,2,4.03,84.63,03-11-2019,15:30:00,Ewallet
300-71-4605,5,21.51,451.71,2/25/2019,11:24:00,Ewallet
371-85-5789,3,13.197,277.137,03-05-2019,10:40:00,Ewallet
273-16-6619,2,3.32,69.72,3/15/2019,12:20:00,Credit card
636-48-8204,5,8.64,181.44,2/17/2019,11:15:00,Ewallet
549-59-1358,3,13.2945,279.1845,03-02-2019,17:36:00,Ewallet
227-03-5010,8,21.036,441.756,3/22/2019,19:20:00,Credit card
649-29-6775,1,1.676,35.196,02-08-2019,15:31:00,Cash
189-17-4241,2,8.767,184.107,03-10-2019,12:17:00,Credit card
145-94-9061,5,22.09,463.89,1/25/2019,19:48:00,Cash
848-62-7243,9,11.2005,235.2105,3/15/2019,15:36:00,Cash
871-79-8483,5,23.5325,494.1825,2/25/2019,19:39:00,Credit card
149-71-6266,9,35.1315,737.7615,1/28/2019,12:43:00,Cash
640-49-2076,8,33.512,703.752,01-10-2019,14:49:00,Cash
595-11-5460,2,9.658,202.818,3/15/2019,10:12:00,Credit card
183-56-6882,4,19.884,417.564,02-06-2019,10:42:00,Ewallet
232-16-2483,1,3.406,71.526,01-07-2019,12:28:00,Ewallet
129-29-8530,5,15.655,328.755,03-10-2019,19:15:00,Ewallet
272-65-1806,9,27.396,575.316,1/15/2019,17:17:00,Ewallet
333-73-7901,8,21.968,461.328,3/23/2019,13:24:00,Ewallet
777-82-7220,8,12.048,253.008,03-03-2019,13:01:00,Cash
280-35-5823,1,4.336,91.056,1/17/2019,18:45:00,Ewallet
554-53-8700,2,5.611,117.831,02-02-2019,10:11:00,Cash
354-25-5821,6,20.736,435.456,02-08-2019,13:03:00,Cash
228-96-1411,8,39.48,829.08,03-04-2019,20:39:00,Cash
617-15-4209,2,1.537,32.277,3/16/2019,19:47:00,Cash
132-32-9879,4,18.792,394.632,03-09-2019,18:00:00,Cash
370-41-7321,9,25.5105,535.7205,2/27/2019,17:24:00,Credit card
727-46-3608,9,9.0045,189.0945,02-06-2019,15:47:00,Ewallet
669-54-1719,6,5.679,119.259,02-10-2019,12:45:00,Credit card
574-22-5561,10,41.315,867.615,3/19/2019,17:08:00,Ewallet
326-78-5178,7,31.99,671.79,02-03-2019,10:19:00,Cash
162-48-8011,5,11.1475,234.0975,02-10-2019,15:10:00,Cash
616-24-2851,4,3.574,75.054,3/22/2019,14:42:00,Ewallet
778-71-5554,1,0.7715,16.2015,1/25/2019,15:46:00,Credit card
242-55-6721,2,1.616,33.936,03-07-2019,11:49:00,Ewallet
399-46-5918,8,34.392,722.232,2/28/2019,19:01:00,Cash
106-35-6779,2,4.434,93.114,3/27/2019,11:26:00,Cash
635-40-6220,8,35.84,752.64,02-07-2019,11:28:00,Ewallet
817-48-8732,10,36.175,759.675,1/20/2019,15:55:00,Cash
120-06-4233,6,9.183,192.843,03-12-2019,20:36:00,Cash
285-68-5083,3,3.711,77.931,2/15/2019,17:47:00,Credit card
803-83-5989,6,16.719,351.099,2/24/2019,10:55:00,Ewallet
347-34-2234,9,24.7815,520.4115,02-03-2019,13:40:00,Ewallet
199-75-8169,10,7.905,166.005,03-06-2019,12:27:00,Credit card
853-23-2453,4,15.148,318.108,2/14/2019,14:35:00,Cash
877-22-3308,10,7.935,166.635,3/13/2019,16:40:00,Cash
838-78-4295,2,3.347,70.287,02-10-2019,15:43:00,Ewallet
109-28-2512,6,29.283,614.943,01-07-2019,15:01:00,Ewallet
232-11-3025,10,39.385,827.085,1/24/2019,10:04:00,Cash
382-03-4532,1,0.9165,19.2465,02-02-2019,18:50:00,Cash
393-65-2792,10,44.74,939.54,01-06-2019,12:46:00,Credit card
796-12-2025,10,31.06,652.26,02-11-2019,16:19:00,Cash
510-95-6347,3,7.278,152.838,03-05-2019,18:17:00,Ewallet
841-35-6630,6,22.773,478.233,03-09-2019,18:21:00,Cash
287-21-9091,9,33.6015,705.6315,1/22/2019,10:55:00,Ewallet
732-94-0499,10,20.825,437.325,1/13/2019,17:04:00,Credit card
263-10-3913,9,22.068,463.428,01-09-2019,14:20:00,Credit card
381-20-0914,9,9.0045,189.0945,01-12-2019,15:48:00,Credit card
829-49-1914,10,39.155,822.255,03-05-2019,16:24:00,Ewallet
756-01-7507,5,5.095,106.995,1/22/2019,18:56:00,Cash
870-72-4431,6,29.757,624.897,1/21/2019,14:42:00,Credit card
847-38-7188,3,14.502,304.542,1/26/2019,19:56:00,Ewallet
480-63-2856,8,7.7,161.7,1/23/2019,18:37:00,Ewallet
787-56-0757,4,16.072,337.512,2/23/2019,18:45:00,Credit card
360-39-5055,5,12.2275,256.7775,03-09-2019,10:17:00,Cash
730-50-9884,7,29.071,610.491,03-05-2019,14:31:00,Ewallet
362-58-8315,5,19.13,401.73,3/25/2019,10:23:00,Cash
633-44-8566,7,17.283,362.943,3/27/2019,20:35:00,Credit card
504-35-8843,1,2.1235,44.5935,01-02-2019,16:57:00,Cash
318-68-5053,6,23.097,485.037,2/27/2019,17:55:00,Cash
565-80-5980,4,9.476,198.996,1/23/2019,10:25:00,Cash
225-32-0908,10,22.43,471.03,1/26/2019,19:54:00,Ewallet
873-51-0671,7,7.693,161.553,01-10-2019,16:42:00,Ewallet
152-08-9985,9,28.962,608.202,03-12-2019,12:09:00,Credit card
512-91-0811,1,4.4875,94.2375,02-06-2019,20:05:00,Credit card
594-34-4444,1,4.858,102.018,03-08-2019,20:38:00,Ewallet
766-85-7061,10,43.935,922.635,3/29/2019,10:25:00,Ewallet
871-39-9221,6,3.735,78.435,02-09-2019,13:11:00,Cash
865-92-6136,3,7.9125,166.1625,3/23/2019,10:16:00,Ewallet
733-01-9107,6,24.81,521.01,03-05-2019,18:14:00,Cash
163-56-7055,1,2.4355,51.1455,3/26/2019,19:20:00,Cash
189-98-2939,9,35.3475,742.2975,03-01-2019,13:22:00,Cash
551-21-3069,9,10.3815,218.0115,02-01-2019,11:27:00,Cash
212-62-1842,6,17.478,367.038,3/28/2019,16:44:00,Cash
716-39-1409,7,10.6225,223.0725,3/19/2019,18:19:00,Cash
704-48-3927,10,44.335,931.035,01-12-2019,14:50:00,Ewallet
628-34-3388,6,8.214,172.494,01-05-2019,20:54:00,Credit card
630-74-5166,6,18.639,391.419,3/22/2019,20:19:00,Cash
588-01-7461,9,15.291,321.111,3/24/2019,10:43:00,Cash
861-77-0145,10,40.985,860.685,03-03-2019,14:30:00,Cash
479-26-8945,2,1.649,34.629,02-05-2019,11:32:00,Ewallet
210-67-5886,3,14.7315,309.3615,02-05-2019,10:41:00,Credit card
227-78-1148,7,25.494,535.374,2/15/2019,12:44:00,Cash
645-44-1170,9,26.1315,548.7615,1/19/2019,20:07:00,Ewallet
237-01-6122,9,36.3555,763.4655,02-01-2019,20:31:00,Credit card
225-98-1496,3,4.053,85.113,03-02-2019,13:01:00,Credit card
291-32-1427,5,5.485,115.185,03-05-2019,12:29:00,Ewallet
659-65-8956,1,2.568,53.928,1/16/2019,15:26:00,Ewallet
642-32-2990,10,5.48,115.08,02-02-2019,20:48:00,Ewallet
378-24-2715,2,5.344,112.224,1/20/2019,20:38:00,Ewallet
638-60-7125,8,39.824,836.304,2/14/2019,17:03:00,Credit card
659-36-1684,7,19.992,419.832,01-12-2019,12:02:00,Credit card
219-22-9386,9,44.982,944.622,03-09-2019,17:26:00,Credit card
336-78-2147,8,25.564,536.844,3/13/2019,19:52:00,Credit card
268-27-6179,8,22.588,474.348,03-09-2019,14:57:00,Ewallet
668-90-8900,7,32.7915,688.6215,03-10-2019,18:44:00,Credit card
870-54-3162,5,8.0625,169.3125,1/27/2019,13:26:00,Cash
189-08-9157,9,14.2785,299.8485,01-08-2019,16:17:00,Credit card
663-86-9076,8,27.416,575.736,01-08-2019,15:57:00,Ewallet
549-84-7482,9,40.626,853.146,02-08-2019,11:15:00,Ewallet
191-10-6171,7,13.867,291.207,1/25/2019,13:18:00,Cash
802-70-5316,6,27.639,580.419,03-06-2019,20:34:00,Cash
695-51-0018,4,6.968,146.328,02-10-2019,18:36:00,Cash
590-83-4591,6,26.235,550.935,2/17/2019,14:40:00,Credit card
483-71-1164,6,24.39,512.19,03-08-2019,16:43:00,Ewallet
597-78-7908,3,13.533,284.193,2/18/2019,19:39:00,Cash
700-81-1757,5,6.5775,138.1275,1/18/2019,20:59:00,Credit card
354-39-5160,6,10.326,216.846,2/18/2019,15:39:00,Cash
241-72-9525,10,25.955,545.055,2/16/2019,12:21:00,Cash
575-30-8091,8,29.0,609.0,3/16/2019,19:25:00,Ewallet
731-81-9469,10,44.9,942.9,1/23/2019,13:00:00,Credit card
280-17-4359,10,45.25,950.25,1/25/2019,13:48:00,Cash
338-65-2210,10,34.3,720.3,02-05-2019,19:57:00,Cash
488-25-4221,1,1.5205,31.9305,2/22/2019,10:36:00,Credit card
239-10-7476,6,23.385,491.085,1/21/2019,16:37:00,Ewallet
458-41-1477,6,13.878,291.438,03-08-2019,17:11:00,Credit card
685-64-1609,10,15.07,316.47,02-10-2019,12:28:00,Ewallet
568-90-5112,4,13.228,277.788,3/19/2019,12:46:00,Credit card
262-47-2794,8,28.744,603.624,03-06-2019,15:07:00,Credit card
238-49-0436,8,12.984,272.664,3/27/2019,13:48:00,Credit card
608-96-3517,4,18.308,384.468,3/23/2019,19:20:00,Credit card
584-86-7256,7,12.096,254.016,03-11-2019,16:07:00,Credit card
746-94-0204,9,37.458,786.618,1/29/2019,11:56:00,Credit card
214-17-6927,6,4.944,103.824,02-07-2019,18:23:00,Ewallet
400-89-4171,8,32.388,680.148,1/28/2019,13:05:00,Cash
782-95-9291,5,23.0725,484.5225,2/20/2019,15:55:00,Credit card
279-74-2924,1,3.6085,75.7785,01-04-2019,19:40:00,Cash
307-85-2293,5,12.57,263.97,03-07-2019,13:58:00,Ewallet
743-04-1105,9,43.749,918.729,3/30/2019,14:43:00,Ewallet
423-57-2993,6,28.017,588.357,3/27/2019,19:18:00,Ewallet
894-41-5205,8,17.272,362.712,1/19/2019,19:39:00,Credit card
275-28-0149,1,3.1845,66.8745,2/25/2019,16:21:00,Cash
101-17-6199,7,16.0265,336.5565,3/13/2019,19:44:00,Credit card
423-80-0988,2,7.64,160.44,1/30/2019,19:42:00,Ewallet
548-46-9322,10,19.95,418.95,2/20/2019,15:24:00,Credit card
505-02-0892,8,17.028,357.588,2/25/2019,14:12:00,Ewallet
234-65-2137,10,47.79,1003.59,1/16/2019,13:32:00,Cash
687-47-8271,10,49.49,1039.29,02-08-2019,16:20:00,Credit card
796-32-9050,6,15.384,323.064,1/19/2019,16:31:00,Cash
105-31-1824,7,24.332,510.972,02-01-2019,15:10:00,Credit card
249-42-3782,5,17.5025,367.5525,01-03-2019,11:36:00,Ewallet
316-55-4634,5,20.0125,420.2625,1/26/2019,12:45:00,Credit card
733-33-4967,8,8.34,175.14,03-03-2019,19:17:00,Cash
608-27-6295,6,15.867,333.207,1/19/2019,17:34:00,Credit card
414-12-7047,8,7.916,166.236,1/18/2019,12:04:00,Ewallet
827-26-2100,9,15.228,319.788,3/21/2019,16:21:00,Ewallet
175-54-2529,8,8.868,186.228,03-03-2019,17:01:00,Credit card
139-52-2867,7,7.8785,165.4485,2/13/2019,10:50:00,Credit card
407-63-8975,6,22.164,465.444,3/23/2019,19:16:00,Ewallet
342-65-4817,3,13.02,273.42,1/28/2019,16:47:00,Ewallet
130-98-8941,7,22.491,472.311,02-09-2019,10:00:00,Cash
434-83-9547,8,15.388,323.148,1/23/2019,11:51:00,Cash
851-28-6367,10,7.75,162.75,3/23/2019,10:55:00,Ewallet
824-88-3614,8,13.724,288.204,1/25/2019,15:00:00,Ewallet
586-25-0848,7,4.319,90.699,03-04-2019,11:19:00,Credit card
895-66-0685,3,2.712,56.952,03-05-2019,19:46:00,Ewallet
305-14-0245,8,37.796,793.716,03-03-2019,19:00:00,Ewallet
732-04-5373,4,9.294,195.174,02-08-2019,10:53:00,Cash
400-60-7251,1,3.7035,77.7735,02-10-2019,12:50:00,Ewallet
593-65-1552,4,13.962,293.202,1/28/2019,20:50:00,Credit card
284-34-9626,3,11.556,242.676,02-11-2019,10:39:00,Credit card
437-58-8131,2,7.352,154.392,1/15/2019,13:41:00,Ewallet
286-43-6208,9,39.51,829.71,3/16/2019,19:08:00,Cash
641-43-2399,4,5.11,107.31,1/26/2019,20:23:00,Ewallet
831-07-6050,5,8.1775,171.7275,3/19/2019,11:30:00,Credit card
556-86-3144,1,3.7145,78.0045,1/13/2019,19:30:00,Cash
848-24-9445,2,4.37,91.77,3/26/2019,18:03:00,Cash
856-22-8149,1,1.2645,26.5545,3/23/2019,10:13:00,Ewallet
699-01-4164,4,8.3,174.3,03-12-2019,19:58:00,Credit card
420-11-4919,5,17.8475,374.7975,2/17/2019,19:57:00,Credit card
606-80-4905,6,5.745,120.645,1/29/2019,10:01:00,Credit card
542-41-0513,4,11.498,241.458,3/15/2019,11:57:00,Cash
426-39-2418,7,21.4935,451.3635,1/14/2019,10:02:00,Cash
875-46-5808,10,12.95,271.95,02-06-2019,14:51:00,Ewallet
394-43-4238,5,4.4425,93.2925,2/15/2019,12:42:00,Credit card
749-24-1565,9,10.3635,217.6335,01-03-2019,12:02:00,Ewallet
672-51-8681,9,29.9925,629.8425,01-04-2019,18:19:00,Credit card
263-87-5680,10,14.265,299.565,3/18/2019,17:38:00,Ewallet
573-58-9734,3,4.5555,95.6655,3/28/2019,13:41:00,Ewallet
817-69-8206,9,44.8785,942.4485,03-02-2019,19:42:00,Credit card
888-02-0338,9,11.8035,247.8735,1/25/2019,20:24:00,Ewallet
677-11-0152,9,41.967,881.307,1/16/2019,18:08:00,Cash
142-63-6033,5,23.09,484.89,3/20/2019,19:17:00,Ewallet
656-16-1063,3,6.963,146.223,01-04-2019,13:24:00,Credit card
891-58-8335,7,10.3635,217.6335,03-11-2019,15:53:00,Cash
802-43-8934,1,0.914,19.194,3/22/2019,15:05:00,Credit card
560-30-5617,5,6.1925,130.0425,3/24/2019,18:27:00,Cash
319-74-2561,3,14.196,298.116,2/21/2019,16:55:00,Cash
549-03-9315,8,37.948,796.908,02-12-2019,12:58:00,Ewallet
790-29-1172,3,8.601,180.621,03-10-2019,18:59:00,Credit card
239-36-3640,6,13.605,285.705,1/31/2019,13:44:00,Ewallet
468-01-2051,7,21.728,456.288,03-06-2019,13:46:00,Ewallet
389-25-3394,5,2.9525,62.0025,2/17/2019,18:06:00,Cash
279-62-1445,1,0.627,13.167,2/21/2019,12:38:00,Cash
213-72-6612,2,4.325,90.825,3/20/2019,15:56:00,Cash
746-68-6593,2,8.716,183.036,01-11-2019,14:29:00,Credit card
836-82-5858,9,31.2165,655.5465,1/26/2019,19:14:00,Ewallet
583-72-1480,4,7.412,155.652,1/31/2019,16:24:00,Ewallet
466-61-5506,6,27.21,571.41,2/26/2019,10:52:00,Cash
721-86-6247,8,25.368,532.728,03-11-2019,12:55:00,Ewallet
289-65-5721,2,8.137,170.877,1/26/2019,19:28:00,Cash
545-46-3100,3,1.5885,33.3585,03-12-2019,13:52:00,Credit card
418-02-5978,9,37.8405,794.6505,02-11-2019,10:54:00,Cash
269-04-5750,4,14.764,310.044,2/21/2019,18:31:00,Cash
157-13-5295,10,25.97,545.37,03-09-2019,18:24:00,Ewallet
645-78-8093,2,9.314,195.594,1/20/2019,18:09:00,Ewallet
211-30-9270,5,4.3525,91.4025,1/28/2019,15:16:00,Credit card
755-12-3214,5,11.055,232.155,03-05-2019,17:07:00,Credit card
346-84-3103,5,3.305,69.405,03-02-2019,19:26:00,Cash
478-06-7835,1,4.4845,94.1745,01-11-2019,11:20:00,Ewallet
540-11-4336,9,11.223,235.683,01-11-2019,16:49:00,Credit card
448-81-5016,2,5.977,125.517,03-11-2019,12:01:00,Credit card
142-72-4741,2,9.32,195.72,2/28/2019,18:37:00,Credit card
217-58-1179,4,12.53,263.13,01-05-2019,11:25:00,Cash
376-02-8238,8,37.548,788.508,02-02-2019,18:42:00,Credit card
530-90-9855,8,19.036,399.756,01-01-2019,14:47:00,Cash
866-05-7563,3,12.21,256.41,02-09-2019,19:43:00,Cash
604-70-6476,5,4.485,94.185,1/23/2019,14:04:00,Ewallet
799-71-1548,4,15.544,326.424,01-07-2019,16:11:00,Credit card
785-13-7708,7,25.571,536.991,1/14/2019,19:06:00,Credit card
845-51-0542,9,20.9475,439.8975,02-02-2019,15:34:00,Ewallet
662-47-5456,10,17.595,369.495,3/17/2019,19:06:00,Credit card
883-17-4236,2,1.439,30.219,03-02-2019,19:44:00,Credit card
290-68-2984,4,4.75,99.75,3/16/2019,11:22:00,Cash
704-11-6354,8,23.56,494.76,01-06-2019,11:23:00,Cash
110-48-7033,4,6.524,137.004,1/29/2019,14:12:00,Cash
366-93-0948,1,3.3175,69.6675,1/31/2019,10:46:00,Credit card
729-09-9681,6,7.773,163.233,02-05-2019,10:16:00,Ewallet
151-16-1484,4,6.45,135.45,2/13/2019,12:38:00,Ewallet
380-94-4661,4,13.188,276.948,02-07-2019,13:05:00,Credit card
850-41-9669,9,33.777,709.317,3/19/2019,13:25:00,Ewallet
821-07-3596,4,3.29,69.09,03-07-2019,14:53:00,Ewallet
655-85-5130,4,7.66,160.86,3/13/2019,19:22:00,Cash
447-15-7839,10,11.12,233.52,02-09-2019,11:00:00,Cash
154-74-7179,1,2.7225,57.1725,2/26/2019,19:24:00,Ewallet
253-12-6086,7,34.44,723.24,03-12-2019,12:43:00,Credit card
808-65-0703,4,7.094,148.974,3/14/2019,17:22:00,Credit card
571-94-0759,10,37.3,783.3,01-08-2019,20:55:00,Cash
144-51-6085,4,14.148,297.108,01-05-2019,16:05:00,Credit card
731-14-2199,10,17.77,373.17,01-04-2019,13:34:00,Ewallet
783-09-1637,5,16.8575,354.0075,03-06-2019,18:13:00,Ewallet
687-15-1097,2,2.112,44.352,01-03-2019,19:17:00,Cash
126-54-1082,9,9.693,203.553,01-07-2019,11:44:00,Credit card
633-91-1052,2,1.203,25.263,1/27/2019,15:51:00,Cash
477-24-6490,6,29.913,628.173,2/26/2019,16:52:00,Ewallet
566-19-5475,7,16.7895,352.5795,01-07-2019,20:52:00,Cash
526-86-8552,10,10.91,229.11,01-07-2019,17:36:00,Cash
376-56-3573,4,19.084,400.764,02-02-2019,13:23:00,Ewallet
537-72-0426,10,35.495,745.395,3/20/2019,16:28:00,Cash
828-61-5674,10,22.01,462.21,3/20/2019,19:57:00,Credit card
136-08-6195,8,27.984,587.664,2/15/2019,17:01:00,Credit card
523-38-0215,1,1.85,38.85,03-06-2019,13:29:00,Credit card
490-29-1201,1,0.767,16.107,01-06-2019,11:09:00,Cash
667-92-0055,6,29.949,628.929,03-04-2019,15:02:00,Ewallet
565-17-3836,4,9.534,200.214,03-12-2019,14:21:00,Cash
498-41-1961,5,16.67,350.07,2/20/2019,18:01:00,Cash
593-95-4461,1,3.743,78.603,3/24/2019,14:49:00,Cash
226-71-3580,9,10.6875,224.4375,1/31/2019,12:02:00,Cash
283-79-9594,7,16.9785,356.5485,1/25/2019,13:30:00,Credit card
430-60-3493,7,33.208,697.368,02-03-2019,14:38:00,Cash
139-20-0155,10,20.15,423.15,1/24/2019,17:37:00,Credit card
558-80-4082,7,9.7475,204.6975,3/14/2019,17:20:00,Ewallet
278-97-7759,1,3.124,65.604,2/18/2019,20:29:00,Cash
316-68-6352,2,3.636,76.356,1/21/2019,10:00:00,Cash
585-03-5943,10,9.055,190.155,3/13/2019,11:46:00,Ewallet
211-05-0490,5,12.98,272.58,03-03-2019,13:42:00,Cash
727-75-6477,4,5.768,121.128,3/29/2019,14:44:00,Cash
744-02-5987,6,23.514,493.794,01-10-2019,14:16:00,Ewallet
307-83-9164,4,12.002,252.042,1/25/2019,15:54:00,Cash
779-06-0012,1,4.4305,93.0405,1/19/2019,10:21:00,Cash
446-47-6729,2,9.982,209.622,01-02-2019,18:09:00,Credit card
573-10-3877,1,1.9505,40.9605,03-12-2019,16:46:00,Credit card
735-06-4124,1,2.4305,51.0405,2/25/2019,15:31:00,Cash
439-54-7422,4,10.238,214.998,3/18/2019,17:15:00,Credit card
396-90-2219,8,5.984,125.664,2/23/2019,12:29:00,Cash
411-77-0180,7,25.27,530.67,3/26/2019,20:14:00,Ewallet
286-01-5402,7,14.0805,295.6905,3/30/2019,13:22:00,Cash
803-17-8013,8,35.516,745.836,2/17/2019,17:09:00,Cash
512-98-1403,3,3.972,83.412,3/21/2019,10:40:00,Ewallet
848-42-2560,2,8.191,172.011,03-05-2019,17:43:00,Cash
532-59-7201,6,23.979,503.559,1/31/2019,14:04:00,Cash
181-94-6432,2,6.933,145.593,02-05-2019,19:05:00,Ewallet
870-76-1733,5,3.5575,74.7075,02-01-2019,10:08:00,Credit card
423-64-4619,9,6.9975,146.9475,03-07-2019,13:12:00,Cash
227-07-4446,10,39.065,820.365,02-10-2019,20:51:00,Cash
174-36-3675,2,9.937,208.677,2/14/2019,17:29:00,Cash
428-83-5800,3,3.162,66.402,02-09-2019,10:25:00,Cash
603-07-0961,5,18.6975,392.6475,01-10-2019,11:34:00,Cash
704-20-4138,7,10.3845,218.0745,03-11-2019,18:58:00,Credit card
787-15-1757,4,8.814,185.094,2/18/2019,16:28:00,Ewallet
649-11-3678,9,10.3185,216.6885,2/26/2019,20:26:00,Cash
622-20-1945,1,1.971,41.391,1/18/2019,15:08:00,Cash
372-94-8041,6,4.578,96.138,2/15/2019,18:03:00,Ewallet
563-91-7120,5,15.4425,324.2925,03-08-2019,13:21:00,Cash
746-54-5508,6,6.456,135.576,1/17/2019,12:48:00,Credit card
276-54-0879,4,19.548,410.508,03-12-2019,19:53:00,Ewallet
815-11-1168,5,24.945,523.845,03-09-2019,19:09:00,Cash
719-76-3868,4,18.852,395.892,03-12-2019,16:30:00,Cash
730-61-8757,4,10.226,214.746,1/25/2019,10:11:00,Credit card
340-66-0321,4,7.272,152.712,3/25/2019,13:07:00,Cash
868-81-1752,9,9.909,208.089,02-07-2019,18:48:00,Cash
634-97-8956,3,4.935,103.635,2/17/2019,17:27:00,Credit card
566-71-1091,5,19.255,404.355,02-03-2019,15:59:00,Cash
442-48-3607,2,2.348,49.308,3/14/2019,11:21:00,Credit card
835-16-0096,5,3.675,77.175,3/24/2019,13:48:00,Ewallet
527-09-6272,5,7.1125,149.3625,3/21/2019,10:17:00,Credit card
898-04-2717,9,34.38,721.98,3/19/2019,15:49:00,Ewallet
692-27-8933,6,17.385,365.085,2/24/2019,13:02:00,Cash
633-09-3463,3,7.1475,150.0975,3/28/2019,12:58:00,Credit card
374-17-3652,9,19.269,404.649,02-05-2019,15:26:00,Credit card
378-07-7001,3,7.2135,151.4835,02-10-2019,18:23:00,Credit card
433-75-6987,7,19.5895,411.3795,03-05-2019,19:06:00,Ewallet
873-95-4984,7,26.915,565.215,2/15/2019,20:21:00,Cash
416-13-5917,5,24.2575,509.4075,1/30/2019,16:24:00,Ewallet
150-89-8043,3,6.6975,140.6475,2/14/2019,15:04:00,Cash
135-84-8019,9,35.0685,736.4385,2/27/2019,16:10:00,Ewallet
441-94-7118,1,3.5975,75.5475,02-04-2019,12:14:00,Cash
725-96-3778,8,35.7,749.7,1/20/2019,10:13:00,Cash
531-80-1784,7,9.107,191.247,3/28/2019,17:38:00,Cash
400-45-1220,10,6.75,141.75,2/27/2019,11:06:00,Credit card
860-79-0874,10,49.65,1042.65,2/15/2019,14:53:00,Credit card
834-61-8124,7,18.0915,379.9215,1/26/2019,18:22:00,Cash
115-99-4379,7,19.1555,402.2655,3/14/2019,19:02:00,Credit card
565-67-6697,9,12.15,255.15,03-02-2019,14:16:00,Cash
320-49-6392,1,1.512,31.752,03-04-2019,15:44:00,Cash
889-04-9723,4,17.828,374.388,01-07-2019,12:20:00,Credit card
632-90-0281,10,18.775,394.275,03-08-2019,20:01:00,Credit card
554-42-2417,10,47.72,1002.12,01-09-2019,13:45:00,Cash
453-63-6187,3,4.125,86.625,03-01-2019,15:40:00,Ewallet
578-80-7669,1,3.7485,78.7185,3/16/2019,16:58:00,Cash
612-36-5536,8,32.384,680.064,2/17/2019,11:12:00,Credit card
605-72-4132,8,37.788,793.548,2/27/2019,15:12:00,Cash
471-41-2823,2,9.979,209.559,03-07-2019,20:37:00,Ewallet
462-67-9126,6,21.966,461.286,1/21/2019,17:44:00,Cash
272-27-9238,4,8.248,173.208,2/19/2019,16:23:00,Cash
834-25-9262,4,16.336,343.056,01-06-2019,12:12:00,Cash
122-61-9553,9,23.094,484.974,3/14/2019,19:33:00,Cash
468-88-0009,4,13.188,276.948,3/24/2019,10:29:00,Cash
613-59-9758,10,7.18,150.78,1/27/2019,14:28:00,Cash
254-31-0042,9,9.675,203.175,03-06-2019,12:46:00,Credit card
201-86-2184,7,9.191,193.011,02-02-2019,19:40:00,Cash
261-12-8671,2,6.096,128.016,1/25/2019,19:39:00,Credit card
730-70-9830,6,21.033,441.693,3/14/2019,17:54:00,Ewallet
382-25-8917,6,12.624,265.104,1/29/2019,12:25:00,Cash
422-29-8786,5,16.7725,352.2225,01-03-2019,16:47:00,Credit card
667-23-5919,5,24.175,507.675,1/14/2019,12:52:00,Ewallet
843-01-4703,9,15.921,334.341,01-05-2019,19:50:00,Credit card
743-88-1662,7,33.4215,701.8515,2/22/2019,18:17:00,Ewallet
595-86-2894,4,19.396,407.316,02-06-2019,17:20:00,Ewallet
182-69-8360,4,4.73,99.33,1/30/2019,13:32:00,Credit card
289-15-7034,4,16.466,345.786,01-11-2019,10:37:00,Credit card
462-78-5240,2,2.661,55.881,3/19/2019,14:35:00,Cash
868-52-7573,5,24.9225,523.3725,1/14/2019,12:09:00,Cash
153-58-4872,4,14.978,314.538,03-01-2019,15:32:00,Ewallet
662-72-2873,5,10.235,214.935,01-06-2019,13:58:00,Ewallet
525-88-7307,1,3.791,79.611,1/31/2019,13:19:00,Cash
689-16-9784,6,14.031,294.651,03-11-2019,13:37:00,Cash
725-56-0833,10,16.16,339.36,2/20/2019,16:49:00,Credit card
394-41-0748,9,24.3315,510.9615,1/27/2019,14:55:00,Ewallet
596-42-3999,7,6.377,133.917,03-10-2019,14:04:00,Credit card
541-89-9860,3,12.072,253.512,2/15/2019,12:31:00,Cash
173-82-9529,10,18.975,398.475,1/26/2019,14:51:00,Cash
563-36-9814,1,3.841,80.661,2/13/2019,18:27:00,Ewallet
308-47-4913,10,26.13,548.73,03-09-2019,12:45:00,Credit card
885-17-6250,1,3.987,83.727,03-06-2019,10:36:00,Ewallet
726-27-2396,5,19.375,406.875,1/24/2019,20:36:00,Ewallet
316-01-3952,5,13.5675,284.9175,3/13/2019,14:16:00,Ewallet
760-54-1821,9,6.1155,128.4255,3/15/2019,10:26:00,Cash
793-10-3222,6,12.318,258.678,03-05-2019,13:30:00,Credit card
346-12-3257,9,8.658,181.818,03-04-2019,16:28:00,Cash
110-05-6330,6,11.829,248.409,3/25/2019,20:18:00,Credit card
651-61-0874,4,9.244,194.124,03-12-2019,20:04:00,Credit card
236-86-3015,1,0.699,14.679,02-04-2019,13:38:00,Ewallet
831-64-0259,5,9.9375,208.6875,2/22/2019,10:43:00,Ewallet
587-03-7455,7,34.2265,718.7565,2/16/2019,17:30:00,Ewallet
882-40-4577,4,13.452,282.492,1/19/2019,15:28:00,Credit card
732-67-5346,5,3.4475,72.3975,01-11-2019,19:07:00,Credit card
725-32-9708,4,13.742,288.582,01-04-2019,19:01:00,Cash
256-08-8343,4,11.306,237.426,03-04-2019,19:48:00,Ewallet
372-26-1506,5,5.955,125.055,1/28/2019,19:24:00,Ewallet
244-08-0162,10,17.105,359.205,01-02-2019,13:00:00,Cash
569-71-4390,2,2.187,45.927,1/25/2019,14:29:00,Ewallet
132-23-6451,5,5.2425,110.0925,01-04-2019,13:21:00,Cash
696-90-2548,3,3.876,81.396,03-10-2019,18:55:00,Ewallet
472-15-9636,8,20.372,427.812,3/22/2019,19:36:00,Ewallet
268-03-6164,1,4.8055,100.9155,1/25/2019,16:28:00,Ewallet
750-57-9686,4,9.076,190.596,01-08-2019,13:48:00,Credit card
186-09-3669,1,4.0755,85.5855,1/22/2019,10:57:00,Ewallet
848-07-1692,2,5.722,120.162,01-12-2019,17:13:00,Ewallet
745-71-3520,7,8.827,185.367,02-04-2019,10:23:00,Cash
266-76-6436,3,5.79,121.59,3/28/2019,13:57:00,Ewallet
740-22-2500,3,12.6075,264.7575,1/23/2019,13:29:00,Cash
271-88-8734,10,48.605,1020.705,02-08-2019,13:00:00,Credit card
301-81-8610,8,10.168,213.528,3/19/2019,19:42:00,Credit card
489-64-4354,1,0.814,17.094,03-09-2019,15:36:00,Cash
198-84-7132,9,18.2745,383.7645,01-02-2019,13:40:00,Cash
269-10-8440,7,18.6095,390.7995,1/21/2019,18:01:00,Cash
650-98-6268,3,3.1305,65.7405,3/20/2019,13:53:00,Credit card
741-73-3559,5,16.8175,353.1675,2/27/2019,17:27:00,Cash
325-77-6186,10,45.325,951.825,03-08-2019,10:53:00,Ewallet
286-75-7818,2,6.908,145.068,1/31/2019,19:48:00,Credit card
574-57-9721,2,4.327,90.867,03-08-2019,16:53:00,Ewallet
459-50-7686,6,7.038,147.798,1/13/2019,19:14:00,Ewallet
616-87-0016,7,33.439,702.219,03-09-2019,14:36:00,Credit card
837-55-7229,1,2.372,49.812,2/22/2019,18:19:00,Credit card
751-69-0068,9,44.658,937.818,3/19/2019,19:09:00,Ewallet
257-73-1380,4,16.586,348.306,1/20/2019,16:51:00,Ewallet
345-08-4992,6,10.197,214.137,03-08-2019,15:37:00,Credit card
549-96-4200,4,3.408,71.568,03-08-2019,20:15:00,Ewallet
810-60-6344,8,16.344,343.224,02-07-2019,14:38:00,Credit card
450-28-2866,5,4.36,91.56,1/15/2019,19:25:00,Cash
394-30-3170,8,35.372,742.812,3/22/2019,19:35:00,Credit card
138-17-5109,9,40.1445,843.0345,1/15/2019,15:42:00,Credit card
192-98-7397,1,0.639,13.419,01-08-2019,14:11:00,Ewallet
301-11-9629,7,6.685,140.385,1/15/2019,10:43:00,Cash
390-80-5128,1,0.9575,20.1075,1/28/2019,17:58:00,Credit card
235-46-8343,10,13.83,290.43,2/14/2019,11:26:00,Credit card
453-12-7053,3,6.861,144.081,03-10-2019,17:38:00,Credit card
296-11-7041,1,1.3535,28.4235,01-12-2019,20:07:00,Credit card
449-27-2918,1,1.956,41.076,3/26/2019,11:02:00,Credit card
891-01-7034,6,22.413,470.673,01-01-2019,19:07:00,Cash
744-09-5786,6,6.603,138.663,01-02-2019,18:50:00,Cash
727-17-0390,5,15.9025,333.9525,3/16/2019,12:43:00,Ewallet
568-88-3448,1,1.25,26.25,03-03-2019,15:09:00,Ewallet
187-83-5490,4,4.154,87.234,1/31/2019,13:47:00,Cash
767-54-1907,5,7.39,155.19,2/13/2019,16:59:00,Cash
710-46-4433,9,34.83,731.43,2/15/2019,14:15:00,Credit card
533-33-5337,10,39.695,833.595,02-07-2019,20:24:00,Cash
325-90-8763,10,23.285,488.985,1/27/2019,13:58:00,Cash
729-46-7422,1,1.7945,37.6845,2/23/2019,16:52:00,Credit card
639-76-1242,5,10.13,212.73,02-03-2019,15:19:00,Cash
234-03-4040,10,36.525,767.025,03-03-2019,12:25:00,Credit card
326-71-2155,4,14.79,310.59,02-03-2019,10:02:00,Cash
320-32-8842,1,1.131,23.751,3/17/2019,18:58:00,Cash
470-32-9057,5,12.835,269.535,3/28/2019,15:31:00,Credit card
878-30-2331,10,27.275,572.775,03-02-2019,11:22:00,Credit card
440-59-5691,7,13.0025,273.0525,02-08-2019,13:12:00,Credit card
554-53-3790,6,11.106,233.226,3/22/2019,18:33:00,Cash
746-19-0921,1,1.079,22.659,02-09-2019,10:02:00,Ewallet
233-34-0817,1,4.942,103.782,2/15/2019,11:21:00,Cash
767-05-1286,6,25.131,527.751,1/23/2019,12:10:00,Ewallet
340-21-9136,4,8.01,168.21,1/25/2019,11:40:00,Cash
405-31-3305,10,21.565,452.865,02-02-2019,18:31:00,Credit card
731-59-7531,8,29.028,609.588,3/30/2019,17:58:00,Cash
676-39-6028,5,16.11,338.31,3/30/2019,17:04:00,Cash
502-05-1910,3,9.777,205.317,2/25/2019,20:35:00,Credit card
485-30-8700,5,8.315,174.615,3/18/2019,16:10:00,Credit card
598-47-9715,4,16.814,353.094,03-07-2019,16:54:00,Ewallet
701-69-8742,10,17.185,360.885,3/16/2019,10:11:00,Ewallet
575-67-1508,1,1.93,40.53,1/29/2019,11:26:00,Ewallet
541-08-3113,8,26.388,554.148,02-02-2019,20:29:00,Cash
246-11-3901,10,16.4,344.4,2/15/2019,12:12:00,Cash
674-15-9296,5,9.285,194.985,01-08-2019,13:05:00,Ewallet
305-18-3552,10,30.19,633.99,02-12-2019,16:19:00,Cash
493-65-6248,10,18.49,388.29,01-01-2019,19:48:00,Credit card
438-01-4015,4,9.898,207.858,3/21/2019,15:25:00,Ewallet
709-58-4068,10,20.545,431.445,2/28/2019,14:42:00,Cash
795-49-7276,4,7.43,156.03,3/23/2019,18:59:00,Ewallet
556-72-8512,1,1.148,24.108,1/30/2019,20:47:00,Cash
627-95-3243,9,34.956,734.076,02-04-2019,13:21:00,Ewallet
686-41-0932,2,3.47,72.87,3/13/2019,19:48:00,Ewallet
510-09-5628,10,9.83,206.43,3/15/2019,18:20:00,Credit card
608-04-3797,8,10.128,212.688,03-05-2019,20:24:00,Ewallet
148-82-2527,10,6.06,127.26,03-05-2019,13:44:00,Credit card
437-53-3084,2,9.989,209.769,2/26/2019,11:48:00,Ewallet
632-32-4574,8,30.368,637.728,3/20/2019,14:14:00,Cash
556-97-7101,2,6.322,132.762,01-01-2019,15:51:00,Cash
862-59-8517,6,27.072,568.512,1/27/2019,11:17:00,Cash
401-18-8016,1,4.9065,103.0365,1/21/2019,17:36:00,Cash
420-18-8989,8,20.608,432.768,02-02-2019,15:47:00,Cash
277-63-2961,1,3.6985,77.6685,02-03-2019,15:53:00,Credit card
573-98-8548,1,1.595,33.495,01-05-2019,12:40:00,Ewallet
620-02-2046,2,6.94,145.74,1/27/2019,19:48:00,Ewallet
282-35-2475,2,9.331,195.951,3/25/2019,17:53:00,Cash
511-54-3087,1,4.4225,92.8725,2/25/2019,16:36:00,Credit card
726-29-6793,8,9.672,203.112,1/28/2019,20:54:00,Ewallet
387-49-4215,3,7.275,152.775,01-08-2019,12:50:00,Cash
862-17-9201,6,25.215,529.515,1/29/2019,10:48:00,Credit card
291-21-5991,5,15.3225,321.7725,3/29/2019,14:28:00,Cash
602-80-9671,6,4.785,100.485,02-09-2019,17:15:00,Credit card
347-72-6115,7,31.759,666.939,1/16/2019,18:03:00,Credit card
209-61-0206,5,10.7275,225.2775,01-05-2019,17:29:00,Ewallet
595-27-4851,7,18.998,398.958,1/27/2019,18:05:00,Ewallet
189-52-0236,7,34.8425,731.6925,3/14/2019,12:07:00,Cash
503-07-0930,7,20.4365,429.1665,2/23/2019,19:49:00,Credit card
413-20-6708,1,2.5735,54.0435,3/18/2019,15:52:00,Ewallet
425-85-2085,5,13.715,288.015,3/29/2019,16:48:00,Ewallet
521-18-7827,5,9.8475,206.7975,1/22/2019,20:46:00,Credit card
220-28-1851,2,3.473,72.933,03-01-2019,18:14:00,Ewallet
600-38-9738,5,17.98,377.58,1/17/2019,15:05:00,Credit card
734-91-1155,3,6.8565,143.9865,3/26/2019,10:34:00,Credit card
451-28-5717,6,24.951,523.971,3/20/2019,11:23:00,Cash
609-81-8548,6,11.232,235.872,02-06-2019,13:55:00,Credit card
133-14-7229,2,6.287,132.027,01-01-2019,11:43:00,Cash
534-01-4457,6,24.513,514.773,1/27/2019,14:36:00,Credit card
719-89-8991,5,22.8525,479.9025,2/25/2019,16:03:00,Ewallet
286-62-6248,4,7.842,164.682,1/16/2019,20:03:00,Credit card
339-38-9982,2,5.986,125.706,1/13/2019,14:55:00,Ewallet
827-44-5872,10,27.18,570.78,02-07-2019,11:28:00,Credit card
827-77-7633,9,44.1405,926.9505,2/17/2019,19:41:00,Cash
287-83-1405,6,7.629,160.209,02-12-2019,19:01:00,Ewallet
435-13-4908,8,34.672,728.112,1/24/2019,18:04:00,Credit card
857-67-9057,10,11.475,240.975,02-06-2019,19:20:00,Ewallet
236-27-1144,9,7.3395,154.1295,3/26/2019,10:31:00,Ewallet
892-05-6689,5,7.08,148.68,03-11-2019,13:28:00,Ewallet
583-41-4548,7,5.8345,122.5245,02-07-2019,11:36:00,Ewallet
339-12-4827,1,3.698,77.658,01-05-2019,11:32:00,Credit card
643-38-7867,1,4.897,102.837,03-07-2019,11:44:00,Ewallet
308-81-0538,4,14.61,306.81,2/25/2019,17:16:00,Credit card
358-88-9262,6,26.244,551.124,02-01-2019,18:43:00,Ewallet
460-35-4390,3,4.602,96.642,1/22/2019,11:00:00,Ewallet
343-87-0864,1,3.794,79.674,01-03-2019,10:30:00,Credit card
173-50-1108,4,4.036,84.756,2/13/2019,12:14:00,Credit card
243-47-2663,6,5.631,118.251,1/28/2019,16:43:00,Credit card
841-18-8232,1,3.56,74.76,01-05-2019,20:40:00,Credit card
701-23-5550,4,7.762,163.002,3/19/2019,13:40:00,Ewallet
647-50-1224,10,14.71,308.91,01-12-2019,16:23:00,Ewallet
541-48-8554,9,27.4275,575.9775,01-07-2019,12:08:00,Credit card
539-21-7227,5,12.885,270.585,1/26/2019,17:45:00,Cash
213-32-1216,6,19.818,416.178,1/23/2019,10:28:00,Cash
747-58-7183,3,8.5905,180.4005,02-09-2019,20:31:00,Ewallet
582-52-8065,9,24.4395,513.2295,2/22/2019,10:49:00,Cash
210-57-1719,9,26.208,550.368,02-05-2019,12:34:00,Cash
399-69-4630,6,6.663,139.923,03-07-2019,10:23:00,Credit card
134-75-2619,7,6.762,142.002,3/25/2019,18:51:00,Cash
356-44-8813,3,5.622,118.062,1/20/2019,13:45:00,Credit card
198-66-9832,2,7.204,151.284,02-04-2019,19:38:00,Cash
283-26-5248,10,49.26,1034.46,1/30/2019,20:23:00,Ewallet
712-39-0363,6,12.498,262.458,01-02-2019,15:24:00,Ewallet
218-59-9410,3,10.863,228.123,3/29/2019,16:54:00,Ewallet
174-75-0888,9,9.711,203.931,3/14/2019,12:32:00,Cash
866-99-7614,10,44.6,936.6,02-11-2019,15:42:00,Credit card
134-54-4720,8,16.968,356.328,1/30/2019,13:58:00,Ewallet
760-90-2357,6,22.353,469.413,3/20/2019,15:08:00,Ewallet
514-37-2845,2,9.925,208.425,3/20/2019,13:02:00,Cash
698-98-5964,10,40.605,852.705,1/17/2019,13:01:00,Credit card
718-57-9773,10,24.665,517.965,02-03-2019,16:40:00,Credit card
651-88-7328,9,29.583,621.243,01-01-2019,13:55:00,Cash
241-11-2261,7,27.951,586.971,01-10-2019,10:33:00,Credit card
408-26-9866,7,25.893,543.753,03-02-2019,16:42:00,Ewallet
834-83-1826,5,20.51,430.71,2/25/2019,17:16:00,Credit card
343-61-3544,10,13.335,280.035,1/29/2019,11:48:00,Cash
239-48-4278,7,3.5455,74.4555,03-10-2019,19:35:00,Ewallet
355-34-6244,2,7.239,152.019,1/13/2019,19:55:00,Credit card
550-84-8664,5,21.4775,451.0275,3/22/2019,14:33:00,Credit card
339-96-8318,7,28.4585,597.6285,03-01-2019,19:49:00,Ewallet
458-61-0011,4,12.06,253.26,2/20/2019,18:43:00,Cash
592-34-6155,4,6.354,133.434,1/14/2019,14:43:00,Ewallet
797-88-0493,4,12.854,269.934,3/26/2019,13:54:00,Cash
207-73-1363,2,6.951,145.971,03-01-2019,12:15:00,Ewallet
390-31-6381,3,4.083,85.743,01-07-2019,12:37:00,Cash
443-82-0585,4,15.536,326.256,02-01-2019,19:54:00,Cash
339-18-7061,2,9.298,195.258,2/13/2019,15:06:00,Credit card
359-90-3665,4,3.616,75.936,1/14/2019,18:03:00,Credit card
375-72-3056,3,9.459,198.639,1/19/2019,15:58:00,Ewallet
127-47-6963,4,10.342,217.182,03-09-2019,13:53:00,Credit card
278-86-2735,3,7.851,164.871,3/27/2019,14:03:00,Cash
695-28-6250,5,10.765,226.065,02-04-2019,16:38:00,Ewallet
379-17-6588,10,29.805,625.905,3/14/2019,11:07:00,Cash
227-50-3718,5,3.655,76.755,03-04-2019,12:23:00,Cash
302-15-2162,6,13.959,293.139,03-03-2019,10:54:00,Credit card
788-07-8452,7,8.484,178.164,1/27/2019,17:38:00,Ewallet
560-49-6611,1,2.279,47.859,02-07-2019,14:13:00,Cash
880-35-0356,3,11.28,236.88,02-05-2019,11:51:00,Ewallet
585-11-6748,3,14.52,304.92,3/15/2019,13:05:00,Cash
470-31-3286,3,2.223,46.683,03-01-2019,11:30:00,Credit card
152-68-2907,3,7.83,164.43,2/15/2019,13:30:00,Credit card
123-35-4896,9,20.997,440.937,2/17/2019,19:11:00,Ewallet
258-69-7810,5,9.2125,193.4625,1/26/2019,18:53:00,Cash
334-64-2006,2,7.032,147.672,3/24/2019,14:22:00,Ewallet
219-61-4139,1,4.154,87.234,1/23/2019,17:16:00,Ewallet
881-41-7302,1,3.2495,68.2395,1/26/2019,10:06:00,Credit card
373-09-4567,10,38.78,814.38,3/14/2019,20:35:00,Ewallet
642-30-6693,6,16.353,343.413,3/17/2019,13:54:00,Ewallet
484-22-8230,7,18.1615,381.3915,01-08-2019,20:08:00,Cash
830-58-2383,4,6.35,133.35,02-08-2019,15:26:00,Cash
559-98-9873,7,18.7775,394.3275,02-10-2019,12:56:00,Ewallet
544-32-5024,4,9.958,209.118,3/28/2019,19:16:00,Credit card
318-12-0304,1,1.5305,32.1405,1/23/2019,12:20:00,Ewallet
349-97-8902,2,5.789,121.569,1/17/2019,10:37:00,Ewallet
421-95-9805,1,1.448,30.408,02-07-2019,10:18:00,Credit card
277-35-5865,9,44.5365,935.2665,03-09-2019,11:23:00,Cash
789-23-8625,3,13.983,293.643,1/24/2019,11:45:00,Cash
284-54-4231,1,4.0465,84.9765,1/19/2019,16:08:00,Credit card
443-59-0061,10,33.725,708.225,02-03-2019,11:25:00,Ewallet
509-29-3912,9,17.424,365.904,3/20/2019,12:24:00,Ewallet
327-40-9673,6,21.78,457.38,1/13/2019,19:51:00,Cash
840-19-2096,5,21.9775,461.5275,3/14/2019,18:10:00,Ewallet
828-46-6863,6,29.559,620.739,1/23/2019,11:22:00,Credit card
641-96-3695,6,13.038,273.798,02-07-2019,17:55:00,Ewallet
420-97-3340,3,10.752,225.792,3/28/2019,15:30:00,Credit card
436-54-4512,1,4.5805,96.1905,3/20/2019,19:44:00,Cash
670-79-6321,7,33.1065,695.2365,1/17/2019,15:27:00,Credit card
852-62-7105,10,41.625,874.125,01-12-2019,11:25:00,Credit card
598-06-7312,1,4.5675,95.9175,2/16/2019,15:42:00,Cash
135-13-8269,2,7.888,165.648,1/26/2019,16:04:00,Cash
816-57-2053,2,6.087,127.827,03-09-2019,12:37:00,Ewallet
628-90-8624,10,41.29,867.09,3/14/2019,14:41:00,Cash
856-66-2701,3,7.995,167.895,1/25/2019,14:19:00,Ewallet
308-39-1707,1,0.6045,12.6945,1/26/2019,18:19:00,Credit card
149-61-1929,10,32.095,673.995,1/19/2019,14:08:00,Credit card
655-07-2265,3,11.7465,246.6765,03-05-2019,16:38:00,Ewallet
589-02-8023,2,8.377,175.917,1/15/2019,10:54:00,Credit card
420-04-7590,3,14.955,314.055,3/18/2019,11:29:00,Ewallet
182-88-2763,3,11.9865,251.7165,3/20/2019,19:28:00,Credit card
188-55-0967,10,33.235,697.935,1/15/2019,15:01:00,Credit card
610-46-4100,7,10.1325,212.7825,03-03-2019,20:31:00,Credit card
318-81-2368,1,2.31,48.51,3/19/2019,12:16:00,Cash
364-33-8584,5,4.4075,92.5575,03-08-2019,15:27:00,Cash
665-63-9737,3,7.863,165.123,2/27/2019,17:36:00,Ewallet
695-09-5146,3,14.8185,311.1885,2/23/2019,20:00:00,Ewallet
155-45-3814,8,35.42,743.82,3/19/2019,15:29:00,Ewallet
794-32-2436,2,5.567,116.907,3/27/2019,15:08:00,Ewallet
131-15-8856,8,29.008,609.168,3/30/2019,19:26:00,Credit card
273-84-2164,5,3.0125,63.2625,2/16/2019,15:53:00,Ewallet
706-36-6154,9,8.712,182.952,1/18/2019,18:43:00,Ewallet
778-89-7974,6,21.063,442.323,3/30/2019,14:58:00,Cash
574-31-8277,1,1.6815,35.3115,3/20/2019,19:55:00,Cash
859-71-0933,2,1.549,32.529,1/16/2019,15:10:00,Cash
740-11-5257,10,12.37,259.77,2/24/2019,16:44:00,Cash
369-82-2676,5,18.915,397.215,1/15/2019,18:22:00,Ewallet
563-47-4072,6,16.743,351.603,1/22/2019,11:52:00,Cash
742-04-5161,10,36.39,764.19,02-03-2019,17:24:00,Cash
149-15-7606,9,16.794,352.674,03-06-2019,15:31:00,Ewallet
133-77-3154,4,12.036,252.756,2/16/2019,18:04:00,Credit card
169-52-4504,3,2.3535,49.4235,3/14/2019,14:13:00,Credit card
250-81-7186,1,4.9845,104.6745,2/27/2019,10:23:00,Credit card
562-12-5430,3,13.2225,277.6725,1/18/2019,10:11:00,Ewallet
816-72-8853,5,6.9825,146.6325,1/29/2019,15:48:00,Cash
491-38-3499,1,2.7725,58.2225,2/26/2019,17:46:00,Credit card
322-02-2271,3,6.4455,135.3555,02-03-2019,11:46:00,Cash
842-29-4695,7,5.999,125.979,1/16/2019,12:07:00,Credit card
725-67-2480,6,17.625,370.125,3/24/2019,18:14:00,Credit card
641-51-2661,10,43.55,914.55,02-12-2019,14:45:00,Credit card
714-02-3114,2,9.88,207.48,2/21/2019,11:39:00,Cash
518-17-2983,4,9.726,204.246,02-04-2019,15:44:00,Ewallet
779-42-2410,3,8.661,181.881,2/20/2019,13:06:00,Ewallet
190-14-3147,4,3.594,75.474,2/23/2019,20:43:00,Ewallet
408-66-6712,6,14.313,300.573,2/16/2019,14:19:00,Ewallet
679-22-6530,2,4.062,85.302,1/17/2019,10:01:00,Credit card
588-47-8641,10,28.02,588.42,1/14/2019,19:30:00,Ewallet
642-61-4706,2,9.34,196.14,3/30/2019,16:34:00,Cash
576-31-4774,3,11.0115,231.2415,03-02-2019,13:10:00,Ewallet
556-41-6224,8,13.456,282.576,2/15/2019,17:10:00,Credit card
811-03-8790,10,22.74,477.54,03-01-2019,10:22:00,Credit card
242-11-3142,2,8.377,175.917,2/24/2019,19:57:00,Cash
752-23-3760,7,22.428,470.988,2/19/2019,19:29:00,Credit card
274-05-5470,4,14.694,308.574,2/23/2019,18:30:00,Cash
648-94-3045,10,29.475,618.975,02-07-2019,14:27:00,Ewallet
130-67-4723,6,14.55,305.55,01-11-2019,13:57:00,Ewallet
528-87-5606,1,1.974,41.454,02-12-2019,19:43:00,Cash
320-85-2052,1,1.7405,36.5505,1/14/2019,10:11:00,Credit card
370-96-0655,6,14.796,310.716,01-09-2019,13:46:00,Ewallet
105-10-6182,2,2.148,45.108,2/27/2019,12:22:00,Ewallet
510-79-0415,6,6.924,145.404,1/24/2019,19:20:00,Ewallet
241-96-5076,2,4.91,103.11,01-08-2019,12:58:00,Credit card
767-97-4650,2,6.483,136.143,01-08-2019,11:59:00,Credit card
648-83-1321,10,31.78,667.38,1/16/2019,17:59:00,Cash
173-57-2300,2,7.288,153.048,3/13/2019,12:51:00,Cash
305-03-2383,3,10.065,211.365,2/15/2019,10:36:00,Cash
394-55-6384,9,31.5855,663.2955,1/25/2019,13:38:00,Cash
266-20-6657,7,19.264,404.544,03-12-2019,19:39:00,Ewallet
689-05-1884,10,24.315,510.615,03-04-2019,12:44:00,Cash
196-01-2849,7,25.683,539.343,02-10-2019,13:56:00,Cash
372-62-5264,9,23.67,497.07,1/16/2019,14:42:00,Cash
800-09-8606,5,21.8425,458.6925,1/29/2019,19:45:00,Cash
182-52-7000,4,5.408,113.568,01-01-2019,20:26:00,Ewallet
826-58-8051,4,12.438,261.198,01-06-2019,19:46:00,Ewallet
868-06-0466,9,31.311,657.531,2/19/2019,19:38:00,Credit card
751-41-9720,10,48.75,1023.75,01-12-2019,16:18:00,Ewallet
626-43-7888,8,24.164,507.444,02-07-2019,12:23:00,Ewallet
176-64-7711,3,4.848,101.808,3/27/2019,19:11:00,Credit card
191-29-0321,10,9.885,207.585,2/27/2019,18:57:00,Credit card
729-06-2010,9,36.2115,760.4415,01-06-2019,11:18:00,Cash
640-48-5028,9,39.7755,835.2855,03-02-2019,12:40:00,Cash
186-79-9562,7,25.1195,527.5095,3/29/2019,14:06:00,Cash
834-45-5519,4,8.6,180.6,1/31/2019,20:48:00,Ewallet
162-65-8559,1,3.449,72.429,1/21/2019,20:13:00,Cash
760-27-5490,8,6.248,131.208,1/20/2019,20:37:00,Ewallet
445-30-9252,3,3.855,80.955,1/17/2019,17:59:00,Ewallet
786-94-2700,6,24.186,507.906,2/28/2019,20:18:00,Cash
728-88-7867,4,15.106,317.226,3/19/2019,15:52:00,Ewallet
183-21-3799,9,34.9335,733.6035,2/19/2019,15:14:00,Ewallet
268-20-3585,9,6.2325,130.8825,02-04-2019,12:50:00,Ewallet
735-32-9839,8,39.48,829.08,1/31/2019,10:36:00,Ewallet
258-92-7466,5,8.92,187.32,02-06-2019,18:33:00,Credit card
857-16-3520,7,25.011,525.231,3/28/2019,16:06:00,Ewallet
482-17-1179,3,1.791,37.611,1/19/2019,12:47:00,Credit card
788-21-5741,3,6.807,142.947,2/17/2019,13:34:00,Credit card
821-14-9046,6,5.244,110.124,1/18/2019,15:04:00,Credit card
418-05-0656,7,8.946,187.866,02-02-2019,20:42:00,Cash
678-79-0726,9,40.7835,856.4535,1/18/2019,15:28:00,Cash
776-68-1096,3,6.618,138.978,3/18/2019,13:45:00,Credit card
592-46-1692,7,12.8695,270.2595,01-11-2019,20:10:00,Cash
434-35-9162,4,4.668,98.028,02-04-2019,18:53:00,Ewallet
149-14-0304,8,11.4,239.4,02-06-2019,14:24:00,Cash
442-44-6497,3,8.3355,175.0455,01-08-2019,11:42:00,Credit card
174-64-0215,10,34.87,732.27,03-05-2019,17:49:00,Credit card
210-74-9613,4,19.452,408.492,3/16/2019,15:33:00,Ewallet
299-29-0180,7,18.263,383.523,03-09-2019,10:54:00,Cash
247-11-2470,4,4.464,93.744,03-01-2019,16:23:00,Credit card
635-28-5728,3,8.4,176.4,2/28/2019,19:33:00,Ewallet
756-49-0168,1,0.985,20.685,02-08-2019,11:39:00,Ewallet
438-23-1242,7,26.558,557.718,1/24/2019,10:38:00,Ewallet
238-45-6950,1,2.686,56.406,03-01-2019,20:03:00,Ewallet
607-65-2441,10,40.975,860.475,03-10-2019,12:39:00,Credit card
386-27-7606,7,28.42,596.82,3/23/2019,15:59:00,Credit card
137-63-5492,10,29.38,616.98,1/29/2019,14:26:00,Ewallet
197-77-7132,8,36.624,769.104,01-12-2019,18:22:00,Ewallet
805-86-0265,9,42.282,887.922,3/20/2019,11:32:00,Cash
733-29-1227,7,19.4635,408.7335,3/23/2019,12:41:00,Cash
451-73-2711,1,4.2415,89.0715,1/14/2019,15:20:00,Ewallet
373-14-0504,2,7.163,150.423,02-12-2019,14:33:00,Ewallet
546-80-2899,2,3.769,79.149,2/20/2019,15:29:00,Ewallet
345-68-9016,8,12.668,266.028,01-02-2019,16:19:00,Credit card
390-17-5806,1,1.921,40.341,02-02-2019,16:33:00,Cash
457-13-1708,10,32.615,684.915,01-08-2019,19:07:00,Credit card
664-14-2882,5,2.6325,55.2825,1/30/2019,14:43:00,Credit card
487-79-6868,9,5.5305,116.1405,3/26/2019,19:28:00,Credit card
314-23-4520,7,28.4305,597.0405,1/15/2019,20:44:00,Cash
210-30-7976,4,4.464,93.744,3/14/2019,11:16:00,Ewallet
585-86-8361,5,6.82,143.22,02-03-2019,10:31:00,Credit card
807-14-7833,10,8.71,182.91,2/22/2019,12:30:00,Ewallet
775-72-1988,5,18.32,384.72,1/24/2019,15:05:00,Ewallet
288-38-3758,3,12.7305,267.3405,1/25/2019,18:30:00,Ewallet
652-43-6591,8,38.916,817.236,03-09-2019,13:18:00,Credit card
785-96-0615,8,14.296,300.216,2/17/2019,15:28:00,Ewallet
406-46-7107,6,28.956,608.076,01-11-2019,11:52:00,Cash
250-17-5703,10,9.425,197.925,2/27/2019,18:24:00,Ewallet
156-95-3964,4,11.078,232.638,3/25/2019,15:19:00,Ewallet
842-40-8179,10,38.6,810.6,02-11-2019,10:38:00,Credit card
525-09-8450,10,36.065,757.365,1/31/2019,15:12:00,Credit card
410-67-1709,8,25.552,536.592,1/20/2019,17:48:00,Ewallet
587-73-4862,5,2.6725,56.1225,3/26/2019,11:07:00,Ewallet
787-87-2010,4,11.1,233.1,1/20/2019,15:48:00,Credit card
593-14-4239,8,38.184,801.864,03-05-2019,19:40:00,Ewallet
801-88-0346,3,11.409,239.589,01-05-2019,20:30:00,Credit card
388-76-2555,6,4.107,86.247,2/13/2019,13:59:00,Cash
711-31-1234,4,19.128,401.688,3/16/2019,18:51:00,Cash
886-54-6089,6,3.429,72.009,1/15/2019,17:24:00,Cash
707-32-7409,4,19.108,401.268,2/26/2019,11:58:00,Ewallet
759-98-4285,7,30.0545,631.1445,2/27/2019,19:01:00,Credit card
201-63-8275,7,23.7965,499.7265,2/17/2019,16:50:00,Ewallet
471-06-8611,1,2.621,55.041,02-06-2019,10:22:00,Credit card
200-16-5952,2,6.565,137.865,1/17/2019,16:46:00,Cash
120-54-2248,5,7.215,151.515,1/22/2019,18:08:00,Credit card
102-77-2261,7,22.8585,480.0285,03-05-2019,18:02:00,Credit card
875-31-8302,1,4.669,98.049,01-03-2019,13:07:00,Cash
102-06-2002,5,6.3125,132.5625,3/20/2019,17:52:00,Cash
457-94-0464,9,39.5415,830.3715,1/31/2019,20:32:00,Ewallet
629-42-4133,8,8.72,183.12,2/19/2019,19:24:00,Cash
534-53-3526,4,18.952,397.992,02-11-2019,16:06:00,Ewallet
307-04-2070,1,1.531,32.151,02-05-2019,14:14:00,Credit card
468-99-7231,8,17.604,369.684,03-03-2019,17:36:00,Cash
516-77-6464,5,2.54,53.34,2/24/2019,13:08:00,Ewallet
404-91-5964,7,26.103,548.163,02-04-2019,16:09:00,Credit card
886-77-9084,8,28.756,603.876,2/19/2019,11:33:00,Ewallet
790-38-4466,5,2.7475,57.6975,1/23/2019,10:18:00,Credit card
704-10-4056,3,9.0705,190.4805,1/14/2019,10:55:00,Credit card
497-37-6538,7,20.6185,432.9885,1/17/2019,15:15:00,Ewallet
651-96-5970,1,2.3205,48.7305,03-03-2019,20:06:00,Credit card
400-80-4065,4,13.71,287.91,2/15/2019,20:21:00,Credit card
744-16-7898,10,48.685,1022.385,1/15/2019,13:48:00,Credit card
263-12-5321,7,32.41,680.61,2/27/2019,12:52:00,Credit card
702-72-0487,2,4.661,97.881,2/26/2019,12:28:00,Credit card
605-83-1050,2,2.718,57.078,3/15/2019,16:26:00,Ewallet
443-60-9639,1,3.0435,63.9135,1/24/2019,13:24:00,Cash
864-24-7918,10,12.245,257.145,2/22/2019,15:15:00,Cash
359-94-5395,1,4.639,97.419,3/15/2019,10:50:00,Credit card
401-09-4232,5,21.6725,455.1225,02-11-2019,18:38:00,Ewallet
751-15-6198,6,6.903,144.963,01-12-2019,16:45:00,Ewallet
324-41-6833,8,12.08,253.68,03-03-2019,19:30:00,Ewallet
474-33-8305,7,23.5865,495.3165,3/23/2019,13:23:00,Ewallet
759-29-9521,9,22.032,462.672,03-04-2019,11:27:00,Cash
831-81-6575,9,34.0155,714.3255,2/23/2019,11:12:00,Cash
220-68-6701,4,15.494,325.374,3/17/2019,16:36:00,Cash
618-34-8551,2,9.318,195.678,1/16/2019,18:41:00,Credit card
257-60-7754,4,10.046,210.966,01-08-2019,17:12:00,Cash
559-61-5987,1,0.8875,18.6375,1/14/2019,10:38:00,Cash
189-55-2313,10,31.09,652.89,1/31/2019,10:33:00,Ewallet
565-91-4567,8,4.3,90.3,3/15/2019,14:38:00,Ewallet
380-60-5336,10,20.13,422.73,2/24/2019,18:06:00,Credit card
815-04-6282,5,16.2425,341.0925,02-08-2019,12:52:00,Credit card
674-56-6360,1,4.7575,99.9075,3/22/2019,14:00:00,Cash
778-34-2523,8,19.448,408.408,1/24/2019,10:57:00,Cash
499-27-7781,8,21.284,446.964,3/14/2019,16:45:00,Ewallet
477-59-2456,7,15.904,333.984,1/23/2019,11:15:00,Cash
832-51-6761,8,13.552,284.592,1/19/2019,20:29:00,Ewallet
869-11-3082,4,19.232,403.872,1/27/2019,20:03:00,Credit card
190-59-3964,5,11.79,247.59,02-03-2019,14:35:00,Credit card
366-43-6862,4,10.578,222.138,3/25/2019,16:32:00,Ewallet
186-43-8965,2,4.768,100.128,2/24/2019,10:10:00,Credit card
784-21-9238,1,0.5085,10.6785,02-07-2019,14:15:00,Cash
276-75-6884,3,10.3065,216.4365,03-04-2019,10:05:00,Cash
109-86-4363,7,21.028,441.588,2/14/2019,11:36:00,Credit card
569-76-2760,4,4.402,92.442,1/29/2019,18:15:00,Credit card
222-42-0244,9,32.4495,681.4395,1/28/2019,13:53:00,Credit card
760-53-9233,3,6.192,130.032,3/26/2019,18:37:00,Credit card
538-22-0304,10,32.475,681.975,3/24/2019,18:27:00,Cash
416-17-9926,10,37.11,779.31,01-01-2019,14:42:00,Credit card
237-44-6163,8,4.224,88.704,1/24/2019,17:43:00,Cash
636-17-0325,4,12.514,262.794,2/25/2019,18:37:00,Cash
343-75-9322,8,4.74,99.54,01-09-2019,16:34:00,Cash
528-14-9470,1,4.565,95.865,2/14/2019,14:42:00,Ewallet
427-45-9297,7,14.2555,299.3655,03-12-2019,11:01:00,Ewallet
807-34-3742,1,2.619,54.999,3/26/2019,19:44:00,Cash
288-62-1085,5,9.635,202.335,01-09-2019,13:34:00,Ewallet
670-71-7306,6,13.389,281.169,01-02-2019,20:08:00,Credit card
660-29-7083,10,27.935,586.635,1/15/2019,15:01:00,Cash
271-77-8740,6,8.766,184.086,01-01-2019,11:40:00,Ewallet
497-36-0989,3,7.791,163.611,2/15/2019,15:21:00,Cash
291-59-1384,1,3.015,63.315,2/28/2019,17:38:00,Cash
860-73-6466,2,3.947,82.887,03-02-2019,16:16:00,Credit card
549-23-9016,2,1.487,31.227,2/13/2019,18:15:00,Credit card
896-34-0956,1,1.066,22.386,1/26/2019,12:43:00,Cash
804-38-3935,3,14.067,295.407,1/30/2019,11:32:00,Credit card
585-90-0249,1,3.663,76.923,1/27/2019,18:08:00,Ewallet
862-29-5914,1,1.119,23.499,1/30/2019,17:08:00,Credit card
845-94-6841,9,32.796,688.716,01-08-2019,19:38:00,Cash
125-45-2293,6,29.73,624.33,1/19/2019,13:11:00,Cash
843-73-4724,1,3.705,77.805,1/25/2019,11:05:00,Cash
409-33-9708,2,9.848,206.808,2/19/2019,10:12:00,Ewallet
658-66-3967,7,18.6165,390.9465,1/14/2019,15:42:00,Ewallet
866-70-2814,10,26.395,554.295,2/25/2019,11:58:00,Ewallet
160-22-2687,5,23.9875,503.7375,1/23/2019,14:21:00,Ewallet
895-03-6665,9,16.4295,345.0195,2/16/2019,10:52:00,Cash
770-42-8960,8,8.448,177.408,01-01-2019,19:31:00,Cash
748-45-2862,4,5.662,118.902,03-07-2019,18:35:00,Cash
234-36-2483,6,17.277,362.817,2/15/2019,13:51:00,Cash
316-66-3011,9,21.4335,450.1035,1/23/2019,12:35:00,Cash
848-95-6252,1,4.3135,90.5835,2/20/2019,13:24:00,Ewallet
840-76-5966,2,1.276,26.796,01-08-2019,18:06:00,Ewallet
152-03-4217,9,5.076,106.596,3/17/2019,11:55:00,Credit card
533-66-5566,7,17.8745,375.3645,01-12-2019,11:42:00,Cash
124-31-1458,3,11.9385,250.7085,01-08-2019,14:30:00,Cash
176-78-1170,3,5.0715,106.5015,1/26/2019,15:11:00,Ewallet
361-59-0574,8,36.212,760.452,3/15/2019,14:48:00,Credit card
101-81-4070,2,6.282,131.922,1/17/2019,12:36:00,Ewallet
631-34-1880,3,3.6465,76.5765,01-08-2019,19:09:00,Credit card
852-82-2749,4,12.918,271.278,01-06-2019,13:35:00,Ewallet
873-14-6353,7,8.687,182.427,2/16/2019,10:33:00,Credit card
584-66-4073,1,2.825,59.325,3/13/2019,15:45:00,Ewallet
544-55-9589,10,10.715,225.015,1/28/2019,11:51:00,Cash
166-19-2553,6,26.718,561.078,1/18/2019,17:26:00,Cash
737-88-5876,4,4.658,97.818,3/19/2019,11:52:00,Credit card
154-87-7367,8,26.104,548.184,3/15/2019,14:04:00,Ewallet
885-56-0389,1,2.6175,54.9675,02-12-2019,17:49:00,Cash
608-05-3804,1,1.9875,41.7375,2/25/2019,20:19:00,Cash
448-61-3783,8,36.008,756.168,3/21/2019,16:08:00,Credit card
761-49-0439,8,4.84,101.64,1/19/2019,10:17:00,Ewallet
490-95-0021,10,16.605,348.705,01-08-2019,14:25:00,Ewallet
115-38-7388,8,4.072,85.512,3/30/2019,12:51:00,Credit card
311-13-6971,10,15.995,335.895,2/20/2019,15:18:00,Credit card
291-55-6563,6,10.326,216.846,3/30/2019,12:45:00,Ewallet
548-48-3156,2,8.334,175.014,3/19/2019,13:37:00,Cash
460-93-5834,7,15.953,335.013,1/13/2019,10:03:00,Cash
325-89-4209,1,4.395,92.295,02-05-2019,19:42:00,Ewallet
884-80-6021,10,36.735,771.435,3/23/2019,13:14:00,Ewallet
137-74-8729,8,4.876,102.396,3/13/2019,12:47:00,Ewallet
880-46-5796,10,38.46,807.66,3/17/2019,19:53:00,Ewallet
389-70-2397,5,20.915,439.215,2/21/2019,10:26:00,Cash
114-35-5271,8,23.164,486.444,02-07-2019,15:06:00,Cash
607-76-6216,5,23.1225,485.5725,03-02-2019,16:35:00,Credit card
715-20-1673,5,7.095,148.995,03-06-2019,20:57:00,Cash
811-35-1094,6,15.135,317.835,02-06-2019,15:16:00,Credit card
699-88-1972,8,39.664,832.944,1/28/2019,17:47:00,Credit card
781-84-8059,7,21.259,446.439,1/18/2019,16:23:00,Ewallet
409-49-6995,6,14.181,297.801,02-05-2019,10:17:00,Cash
725-54-0677,7,29.96,629.16,03-02-2019,13:50:00,Cash
146-09-5432,9,15.768,331.128,02-09-2019,19:17:00,Ewallet
377-79-7592,9,20.178,423.738,1/14/2019,14:00:00,Credit card
509-10-0516,4,9.194,193.074,02-09-2019,12:02:00,Ewallet
595-94-9924,5,6.9325,145.5825,3/26/2019,20:21:00,Credit card
865-41-9075,7,4.0355,84.7455,1/28/2019,17:35:00,Cash
545-07-8534,2,5.832,122.472,2/14/2019,12:42:00,Ewallet
118-62-1812,4,15.676,329.196,3/24/2019,17:56:00,Cash
450-42-3339,10,42.305,888.405,02-09-2019,18:58:00,Credit card
851-98-3555,5,20.72,435.12,3/24/2019,14:08:00,Credit card
186-71-5196,2,7.954,167.034,3/27/2019,16:30:00,Ewallet
624-01-8356,10,24.505,514.605,1/27/2019,10:44:00,Credit card
313-66-9943,3,4.3725,91.8225,3/27/2019,20:29:00,Credit card
151-27-8496,4,11.226,235.746,1/19/2019,11:43:00,Ewallet
453-33-6436,8,37.248,782.208,02-07-2019,10:09:00,Cash
522-57-8364,8,20.536,431.256,1/31/2019,10:00:00,Ewallet
459-45-2396,3,14.94,313.74,2/25/2019,18:45:00,Cash
717-96-4189,6,10.647,223.587,02-02-2019,12:40:00,Cash
722-13-2115,1,2.1425,44.9925,3/14/2019,15:36:00,Credit card
749-81-8133,4,18.934,397.614,03-11-2019,12:04:00,Cash
777-67-2495,3,10.3455,217.2555,2/22/2019,11:26:00,Ewallet
636-98-3364,3,3.939,82.719,03-02-2019,12:36:00,Ewallet
246-55-6923,9,16.1055,338.2155,03-10-2019,15:06:00,Credit card
181-82-6255,6,4.911,103.131,02-08-2019,10:58:00,Cash
838-02-1821,2,1.273,26.733,2/22/2019,12:10:00,Credit card
887-42-0517,7,29.099,611.079,01-10-2019,10:31:00,Credit card
457-12-0244,6,10.566,221.886,3/14/2019,13:49:00,Ewallet
226-34-0034,4,2.756,57.876,01-10-2019,11:10:00,Ewallet
321-49-7382,1,4.4155,92.7255,2/15/2019,17:38:00,Credit card
397-25-8725,9,17.829,374.409,1/13/2019,17:54:00,Credit card
431-66-2305,9,39.7125,833.9625,2/15/2019,20:51:00,Credit card
825-94-5922,2,2.531,53.151,03-02-2019,19:26:00,Ewallet
641-62-7288,6,29.976,629.496,3/24/2019,13:33:00,Ewallet
756-93-1854,2,8.335,175.035,02-02-2019,14:05:00,Credit card
243-55-8457,10,37.22,781.62,2/27/2019,11:40:00,Ewallet
458-10-8612,7,22.428,470.988,1/20/2019,12:27:00,Ewallet
501-61-1753,6,18.945,397.845,01-03-2019,20:24:00,Ewallet
235-06-8510,3,12.858,270.018,1/24/2019,20:59:00,Ewallet
433-08-7822,7,27.6115,579.8415,01-05-2019,19:48:00,Ewallet
361-85-2571,5,22.37,469.77,3/30/2019,10:18:00,Cash
131-70-8179,3,13.8135,290.0835,2/17/2019,16:27:00,Cash
500-02-2261,6,17.187,360.927,3/21/2019,17:04:00,Ewallet
720-72-2436,4,13.304,279.384,03-02-2019,18:14:00,Ewallet
702-83-5291,9,44.919,943.299,3/27/2019,10:43:00,Cash
809-69-9497,10,22.84,479.64,1/19/2019,19:30:00,Ewallet
449-16-6770,5,12.6975,266.6475,2/19/2019,14:53:00,Credit card
333-23-2632,7,3.528,74.088,3/28/2019,20:14:00,Cash
489-82-1237,7,32.858,690.018,01-05-2019,11:51:00,Credit card
859-97-6048,2,8.425,176.925,3/26/2019,14:13:00,Credit card
676-10-2200,1,2.689,56.469,02-03-2019,20:13:00,Ewallet
373-88-1424,5,8.9525,188.0025,02-06-2019,18:44:00,Ewallet
365-16-4334,8,10.572,222.012,2/24/2019,14:26:00,Ewallet
503-21-4385,3,5.9865,125.7165,2/21/2019,12:40:00,Ewallet
305-89-2768,3,3.285,68.985,01-09-2019,18:43:00,Ewallet
574-80-1489,4,12.57,263.97,2/25/2019,13:22:00,Ewallet
784-08-0310,4,4.208,88.368,1/13/2019,13:58:00,Cash
200-40-6154,6,19.773,415.233,02-09-2019,11:45:00,Cash
846-10-0341,7,14.8995,312.8895,01-06-2019,11:51:00,Cash
577-34-7579,9,22.7205,477.1305,01-10-2019,17:16:00,Cash
430-02-3888,6,13.806,289.926,02-07-2019,15:55:00,Cash
867-47-1948,10,7.9,165.9,01-09-2019,12:07:00,Cash
384-59-6655,9,44.397,932.337,2/19/2019,15:07:00,Cash
256-58-3609,1,4.599,96.579,3/18/2019,15:29:00,Cash
324-92-3863,2,2.089,43.869,02-05-2019,18:45:00,Cash
593-08-5916,1,0.775,16.275,3/19/2019,15:23:00,Credit card
364-34-2972,3,14.523,304.983,3/30/2019,20:37:00,Cash
794-42-3736,2,3.333,69.993,1/26/2019,14:41:00,Credit card
172-42-8274,2,3.827,80.367,03-02-2019,18:18:00,Credit card
558-60-5016,9,14.985,314.685,03-04-2019,15:27:00,Ewallet
195-06-0432,3,12.1515,255.1815,1/13/2019,12:55:00,Credit card
605-03-2706,3,2.37,49.77,3/25/2019,18:02:00,Cash
214-30-2776,5,8.6225,181.0725,03-11-2019,19:44:00,Credit card
746-04-1077,10,42.315,888.615,01-01-2019,11:36:00,Credit card
448-34-8700,7,12.9185,271.2885,02-10-2019,13:51:00,Ewallet
452-04-8808,7,30.478,640.038,1/26/2019,15:17:00,Cash
531-56-4728,3,12.012,252.252,02-11-2019,15:29:00,Cash
744-82-9138,2,8.613,180.873,02-07-2019,17:59:00,Cash
883-69-1285,2,4.992,104.832,03-06-2019,11:55:00,Credit card
221-25-5073,4,14.932,313.572,03-04-2019,10:39:00,Cash
518-71-6847,6,7.98,167.58,2/26/2019,15:10:00,Ewallet
156-20-0370,1,1.2725,26.7225,03-10-2019,18:10:00,Credit card
151-33-7434,1,3.3885,71.1585,02-04-2019,20:43:00,Credit card
728-47-9078,4,11.918,250.278,1/19/2019,12:46:00,Cash
809-46-1866,4,11.63,244.23,1/23/2019,17:44:00,Cash
139-32-4183,9,43.866,921.186,3/14/2019,14:19:00,Ewallet
148-41-7930,7,34.986,734.706,1/23/2019,10:33:00,Cash
189-40-5216,7,33.7295,708.3195,01-09-2019,11:40:00,Cash
374-38-5555,5,15.9275,334.4775,02-07-2019,19:30:00,Ewallet
764-44-8999,2,1.476,30.996,2/18/2019,14:42:00,Ewallet
552-44-5977,8,24.8,520.8,01-03-2019,19:08:00,Credit card
267-62-7380,10,41.17,864.57,3/29/2019,19:12:00,Ewallet
430-53-4718,8,30.148,633.108,1/28/2019,15:46:00,Credit card
886-18-2897,5,14.14,296.94,3/22/2019,19:06:00,Credit card
602-16-6955,10,38.3,804.3,1/24/2019,18:10:00,Ewallet
745-74-0715,2,5.803,121.863,03-10-2019,20:46:00,Ewallet
690-01-6631,10,8.745,183.645,2/22/2019,18:35:00,Ewallet
652-49-6720,1,3.0475,63.9975,2/18/2019,11:40:00,Ewallet
233-67-5758,1,2.0175,42.3675,1/29/2019,13:46:00,Ewallet
303-96-2227,10,48.69,1022.49,03-02-2019,17:16:00,Ewallet
727-02-1313,1,1.592,33.432,02-09-2019,13:22:00,Cash
347-56-2442,1,3.291,69.111,2/22/2019,15:33:00,Cash
849-09-3807,7,30.919,649.299,2/18/2019,13:28:00,Cash
